{
	"pattrstorage" : 	{
		"name" : "Vsynth",
		"slots" : 		{
			"1" : 			{
				"id" : 1,
				"data" : 				{
					"vs_clr_solid::solid_color" : [ 1.0, 0.583333333333333, 0.808052434456929, 1.0, 0.910112359550562, 1.0, 0.791666666666667 ],
					"vs_output::lowl_x" : [ 0.091334894299507 ],
					"vs_output::lowl_y" : [ 0.573875784873962 ],
					"vs_output::lowr_x" : [ 0.311475396156311 ],
					"vs_output::lowr_y" : [ 0.445396155118942 ],
					"vs_output::uppl_x" : [ 0.086651057004929 ],
					"vs_output::uppl_y" : [ 0.089935757219791 ],
					"vs_output::uppr_x" : [ 0.332552701234818 ],
					"vs_output::uppr_y" : [ 0.074946463108063 ],
					"vs_output[1]::lowl_x" : [ 0.416879802942276 ],
					"vs_output[1]::lowl_y" : [ 0.516990303993225 ],
					"vs_output[1]::lowr_x" : [ 0.852459013462067 ],
					"vs_output[1]::lowr_y" : [ 0.642398297786713 ],
					"vs_output[1]::uppl_x" : [ 0.452685415744781 ],
					"vs_output[1]::uppl_y" : [ 0.135922327637672 ],
					"vs_output[1]::uppr_x" : [ 0.884910464286804 ],
					"vs_output[1]::uppr_y" : [ 0.177184462547302 ],
					"vs_clr_solid[1]::solid_color" : [ 0.083333333333333, 1.0, 0.907303370786517, 1.0, 0.48314606741573, 1.0, 0.541666666666667 ],
					"vs_output[2]::lowl_x" : [ 0.0 ],
					"vs_output[2]::lowl_y" : [ 1.0 ],
					"vs_output[2]::lowr_x" : [ 0.892271637916565 ],
					"vs_output[2]::lowr_y" : [ 0.957173466682434 ],
					"vs_output[2]::uppl_x" : [ 0.224824354052544 ],
					"vs_output[2]::uppl_y" : [ 0.58029979467392 ],
					"vs_output[2]::uppr_x" : [ 0.627634644508362 ],
					"vs_output[2]::uppr_y" : [ 0.60813707113266 ],
					"vs_clr_solid[2]::solid_color" : [ 1.0, 0.0, 0.0, 1.0, 0.0, 1.0, 0.501960784313725 ]
				}

			}
,
			"2" : 			{
				"id" : 2,
				"data" : 				{
					"vs_clr_solid::solid_color" : [ 1.0, 0.583333333333333, 0.808052434456929, 1.0, 0.910112359550562, 1.0, 0.791666666666667 ],
					"vs_output::lowl_x" : [ 0.091334894299507 ],
					"vs_output::lowl_y" : [ 0.573875784873962 ],
					"vs_output::lowr_x" : [ 0.311475396156311 ],
					"vs_output::lowr_y" : [ 0.445396155118942 ],
					"vs_output::uppl_x" : [ 0.086651057004929 ],
					"vs_output::uppl_y" : [ 0.089935757219791 ],
					"vs_output::uppr_x" : [ 0.716627657413483 ],
					"vs_output::uppr_y" : [ 0.02569593116641 ],
					"vs_output[1]::lowl_x" : [ 0.416879802942276 ],
					"vs_output[1]::lowl_y" : [ 0.516990303993225 ],
					"vs_output[1]::lowr_x" : [ 0.852459013462067 ],
					"vs_output[1]::lowr_y" : [ 0.642398297786713 ],
					"vs_output[1]::uppl_x" : [ 0.452685415744781 ],
					"vs_output[1]::uppl_y" : [ 0.135922327637672 ],
					"vs_output[1]::uppr_x" : [ 0.884910464286804 ],
					"vs_output[1]::uppr_y" : [ 0.177184462547302 ],
					"vs_clr_solid[1]::solid_color" : [ 0.083333333333333, 1.0, 0.907303370786517, 1.0, 0.48314606741573, 1.0, 0.541666666666667 ],
					"vs_output[2]::lowl_x" : [ 0.168618261814117 ],
					"vs_output[2]::lowl_y" : [ 0.719486057758331 ],
					"vs_output[2]::lowr_x" : [ 0.681498825550079 ],
					"vs_output[2]::lowr_y" : [ 0.764453947544098 ],
					"vs_output[2]::uppl_x" : [ 0.168618261814117 ],
					"vs_output[2]::uppl_y" : [ 0.27623125910759 ],
					"vs_output[2]::uppr_x" : [ 0.711943805217743 ],
					"vs_output[2]::uppr_y" : [ 0.293361872434616 ],
					"vs_clr_solid[2]::solid_color" : [ 1.0, 0.0, 0.0, 1.0, 0.0, 1.0, 0.501960784313725 ]
				}

			}

		}

	}

}
