{
	"pattrstorage" : 	{
		"name" : "u484006934",
		"slots" : 		{
			"1" : 			{
				"id" : 1,
				"data" : 				{
					"vs_op2::op2_op" : [ 8.0 ],
					"vs_colorizer::clrizer_color" : [ 0.0, 0.296508771703455, 0.607843137254902, 1.0, 0.585365874425397, 1.0, 0.303921568627451 ],
					"vs_colorizer::clrizer_hue" : [ 210.731714793142885 ],
					"vs_blendmode_mixer::bm_ch1" : [ 1.0 ],
					"vs_blendmode_mixer::bm_ch2" : [ 1.0 ],
					"vs_blendmode_mixer::bm_master" : [ 0.5 ],
					"vs_blendmode_mixer::bm_mode" : [ 0.0 ],
					"vs_filter_lp2x::lpf_freq" : [ 0.188976377952756 ],
					"vs_preview::preview_size" : [ 0.0 ],
					"vs_camera_s::cam_on" : [ 1.0 ],
					"vs_wfg_2[1]::wfg2_freq_range" : [ 0.0 ],
					"vs_wfg_2[1]::wfg2_fm_range" : [ 0.0 ],
					"vs_wfg_2[1]::wfg2_pm_range" : [ 0.0 ],
					"vs_wfg_2[1]::wfg2_fm" : [ 0.0 ],
					"vs_wfg_2[1]::wfg2_freq" : [ 16.0 ],
					"vs_wfg_2[1]::wfg2_pm" : [ 1.0 ],
					"vs_wfg_2[1]::wfg2_pw" : [ 50.0 ],
					"vs_wfg_2[1]::wfg2_pwm" : [ 0.0 ],
					"vs_wfg_2[1]::wfg2_sync_lock" : [ 1.0 ],
					"vs_wfg_2[1]::wfg2_time" : [ 4.0 ],
					"vs_wfg_2[1]::wfg2_time_range" : [ 0 ],
					"vs_wfg_2[1]::wfg2_wf" : [ 0.0 ],
					"vs_preview[1]::preview_size" : [ 0.0 ],
					"vs_preview[2]::preview_size" : [ 0.0 ],
					"vs_colorizer[1]::clrizer_color" : [ 1.0, 0.519803502463356, 0.07843137254902, 1.0, 0.079822619239827, 1.0, 0.53921568627451 ],
					"vs_colorizer[1]::clrizer_hue" : [ 28.736142926337664 ],
					"vs_colorizer[2]::clrizer_color" : [ 0.0, 0.0, 0.0, 1.0, 0.172949008352958, 1.0, 0.0 ],
					"vs_colorizer[2]::clrizer_hue" : [ 114.944571705350654 ],
					"vs_op2[1]::op2_op" : [ 8.0 ]
				}

			}
,
			"2" : 			{
				"id" : 2,
				"data" : 				{
					"vs_op2::op2_op" : [ 8.0 ],
					"vs_colorizer::clrizer_color" : [ 0.0, 0.296508771703455, 0.607843137254902, 1.0, 0.585365874425397, 1.0, 0.303921568627451 ],
					"vs_colorizer::clrizer_hue" : [ 210.731714793142885 ],
					"vs_blendmode_mixer::bm_ch1" : [ 1.0 ],
					"vs_blendmode_mixer::bm_ch2" : [ 1.0 ],
					"vs_blendmode_mixer::bm_master" : [ 0.5 ],
					"vs_blendmode_mixer::bm_mode" : [ 0.0 ],
					"vs_filter_lp2x::lpf_freq" : [ 0.188976377952756 ],
					"vs_preview::preview_size" : [ 0.0 ],
					"vs_camera_s::cam_on" : [ 1.0 ],
					"vs_wfg_2[1]::wfg2_freq_range" : [ 0.0 ],
					"vs_wfg_2[1]::wfg2_fm_range" : [ 0.0 ],
					"vs_wfg_2[1]::wfg2_pm_range" : [ 0.0 ],
					"vs_wfg_2[1]::wfg2_fm" : [ 0.0 ],
					"vs_wfg_2[1]::wfg2_freq" : [ 78.99212598425197 ],
					"vs_wfg_2[1]::wfg2_pm" : [ 1.0 ],
					"vs_wfg_2[1]::wfg2_pw" : [ 50.0 ],
					"vs_wfg_2[1]::wfg2_pwm" : [ 0.0 ],
					"vs_wfg_2[1]::wfg2_sync_lock" : [ 1.0 ],
					"vs_wfg_2[1]::wfg2_time" : [ 4.0 ],
					"vs_wfg_2[1]::wfg2_time_range" : [ 0 ],
					"vs_wfg_2[1]::wfg2_wf" : [ 0.0 ],
					"vs_preview[1]::preview_size" : [ 0.0 ],
					"vs_preview[2]::preview_size" : [ 0.0 ],
					"vs_colorizer[1]::clrizer_color" : [ 0.0, 0.843137254901961, 0.803878180599304, 1.0, 0.492239485312266, 1.0, 0.42156862745098 ],
					"vs_colorizer[1]::clrizer_hue" : [ 177.206214712415601 ],
					"vs_colorizer[2]::clrizer_color" : [ 0.0, 0.0, 0.0, 1.0, 0.172949008352958, 1.0, 0.0 ],
					"vs_colorizer[2]::clrizer_hue" : [ 114.944571705350654 ],
					"vs_op2[1]::op2_op" : [ 8.0 ]
				}

			}
,
			"3" : 			{
				"id" : 3,
				"data" : 				{
					"vs_op2::op2_op" : [ 8.0 ],
					"vs_colorizer::clrizer_color" : [ 0.0, 0.0, 0.0, 1.0, 0.611973414172006, 1.0, 0.0 ],
					"vs_colorizer::clrizer_hue" : [ 229.889143410701308 ],
					"vs_blendmode_mixer::bm_ch1" : [ 1.0 ],
					"vs_blendmode_mixer::bm_ch2" : [ 1.0 ],
					"vs_blendmode_mixer::bm_master" : [ 0.5 ],
					"vs_blendmode_mixer::bm_mode" : [ 0.0 ],
					"vs_filter_lp2x::lpf_freq" : [ 0.188976377952756 ],
					"vs_preview::preview_size" : [ 0.0 ],
					"vs_camera_s::cam_on" : [ 1.0 ],
					"vs_wfg_2[1]::wfg2_freq_range" : [ 0.0 ],
					"vs_wfg_2[1]::wfg2_fm_range" : [ 0.0 ],
					"vs_wfg_2[1]::wfg2_pm_range" : [ 0.0 ],
					"vs_wfg_2[1]::wfg2_fm" : [ 0.0 ],
					"vs_wfg_2[1]::wfg2_freq" : [ 16.0 ],
					"vs_wfg_2[1]::wfg2_pm" : [ 1.0 ],
					"vs_wfg_2[1]::wfg2_pw" : [ 50.0 ],
					"vs_wfg_2[1]::wfg2_pwm" : [ 0.0 ],
					"vs_wfg_2[1]::wfg2_sync_lock" : [ 1.0 ],
					"vs_wfg_2[1]::wfg2_time" : [ 4.0 ],
					"vs_wfg_2[1]::wfg2_time_range" : [ 0 ],
					"vs_wfg_2[1]::wfg2_wf" : [ 0.0 ],
					"vs_preview[1]::preview_size" : [ 0.0 ],
					"vs_preview[2]::preview_size" : [ 0.0 ],
					"vs_colorizer[1]::clrizer_color" : [ 1.0, 1.0, 1.0, 1.0, 0.399113096199134, 1.0, 1.0 ],
					"vs_colorizer[1]::clrizer_hue" : [ 81.419071624623328 ],
					"vs_colorizer[2]::clrizer_color" : [ 0.92156862745098, 0.735620216523895, 0.0, 1.0, 0.133037698733045, 1.0, 0.46078431372549 ],
					"vs_colorizer[2]::clrizer_hue" : [ 47.893571543896115 ],
					"vs_op2[1]::op2_op" : [ 8.0 ]
				}

			}
,
			"4" : 			{
				"id" : 4,
				"data" : 				{
					"vs_op2::op2_op" : [ 8.0 ],
					"vs_colorizer::clrizer_color" : [ 1.0, 0.0, 0.811529749411255, 1.0, 0.864745041764791, 1.0, 0.5 ],
					"vs_colorizer::clrizer_hue" : [ 311.308215035324679 ],
					"vs_blendmode_mixer::bm_ch1" : [ 1.0 ],
					"vs_blendmode_mixer::bm_ch2" : [ 1.0 ],
					"vs_blendmode_mixer::bm_master" : [ 0.5 ],
					"vs_blendmode_mixer::bm_mode" : [ 0.0 ],
					"vs_filter_lp2x::lpf_freq" : [ 0.188976377952756 ],
					"vs_preview::preview_size" : [ 0.0 ],
					"vs_camera_s::cam_on" : [ 1.0 ],
					"vs_wfg_2[1]::wfg2_freq_range" : [ 0.0 ],
					"vs_wfg_2[1]::wfg2_fm_range" : [ 0.0 ],
					"vs_wfg_2[1]::wfg2_pm_range" : [ 0.0 ],
					"vs_wfg_2[1]::wfg2_fm" : [ 0.0 ],
					"vs_wfg_2[1]::wfg2_freq" : [ 16.0 ],
					"vs_wfg_2[1]::wfg2_pm" : [ 1.0 ],
					"vs_wfg_2[1]::wfg2_pw" : [ 50.0 ],
					"vs_wfg_2[1]::wfg2_pwm" : [ 0.0 ],
					"vs_wfg_2[1]::wfg2_sync_lock" : [ 1.0 ],
					"vs_wfg_2[1]::wfg2_time" : [ 4.0 ],
					"vs_wfg_2[1]::wfg2_time_range" : [ 0 ],
					"vs_wfg_2[1]::wfg2_wf" : [ 0.0 ],
					"vs_preview[1]::preview_size" : [ 0.0 ],
					"vs_preview[2]::preview_size" : [ 0.0 ],
					"vs_colorizer[1]::clrizer_color" : [ 0.196078431372549, 0.844919695033019, 1.0, 1.0, 0.532150794932179, 1.0, 0.598039215686274 ],
					"vs_colorizer[1]::clrizer_hue" : [ 191.574286175584461 ],
					"vs_colorizer[2]::clrizer_color" : [ 0.054258620941482, 0.0, 0.764705882352941, 1.0, 0.678492263538528, 1.0, 0.382352941176471 ],
					"vs_colorizer[2]::clrizer_hue" : [ 244.257214873870169 ],
					"vs_op2[1]::op2_op" : [ 8.0 ]
				}

			}

		}

	}

}
